Id,Email,FullName,CarColor,CarModel,SerialNo
723243860,Nina_Cadman6038@brety.org,Nina Cadman,White,Audi R8,a8301df3a3814b579ee5302c0694db99
702564820,Alan_Poole950@naiker.biz,Alan Poole,Auburn,Hyundai Santa Fe,37939e46609446a6ab60ee9b02a38e42
227762616,Nina_Emmett9290@nimogy.biz,Nina Emmett,Emerald,Mitsubishi Lancer,9827f3f6c7944f41946714594d25b4e2
404602233,Abbey_Johnson2255@ovock.tech,Abbey Johnson,Rust,Fiat Freemont,bb1e7cdf04dc4e2687f8547f54834935
512461452,Tyler_Uddin3005@cispeto.com,Tyler Uddin,Beige,Hyundai Tucson,5a3aa6c32e424b148267c11da00350a5
865720388,Ivette_Shepherd5310@twace.org,Ivette Shepherd,White,BMW M6,50d61a4bf6274b37b1be9d6b4ee2c624
453417834,Bree_Edmonds9725@supunk.biz,Bree Edmonds,Cyan,BMW X5,b608703ad631429ea43e260dada22352
542220046,Bryon_Uttridge3264@naiker.biz,Bryon Uttridge,Beige,Hyundai i40,b19da5748e3b42088de9a54c55608a7c
707850506,Barry_Clarke3712@vetan.org,Barry Clarke,Emerald,Citroen C4 Cactus,c471723d49f04735a107e08b6599724d
588518434,Hayden_Riley7785@gembat.biz,Hayden Riley,Gold,Hyundai i30,613b31a976d942b38dbf6570b8bede39
361218758,Alessandra_Butler892@typill.biz,Alessandra Butler,Sepia,Audi Q6,7ed7c6589ab842f9a960235b48ae179a
666707484,Marissa_Gibson7514@eirey.tech,Marissa Gibson,Mauve,BMW X5,a76f961c8b0e448f9408dac7d5be0762
568722550,Darlene_Warden9445@joiniaa.com,Darlene Warden,Capri,Hyundai i30,43d91fe18d60450c957174b168a8ddf8
830486442,Wade_Tyler7809@grannar.com,Wade Tyler,Aqua,Mitsubishi Lancer,dc3c639f37774173b8f526c9a12d5aff
343060040,Barney_Savage7731@sveldo.biz,Barney Savage,Amethyst,Hyundai i35,548a7bd1720e4e12a13e63d3165003ec
756763182,Chad_Olivier824@kideod.biz,Chad Olivier,Rust,BMW X6,870081ca05b54ba5810a55f2671f2415
854804083,Bob_Isaac8143@zorer.org,Bob Isaac,Dark Red,Fiat Argo,85f8d72f4484434bad9fc82d30d48115
668824302,Ruby_Davies2865@supunk.biz,Ruby Davies,Yellow,Audi A5,28cbcf1827e849408331f4805cc16169
877404035,Harvey_Richards2232@famism.biz,Harvey Richards,Lavender,BMW X6,906bace8582044baa09608dd89d203e9
083681532,Emely_Weston5431@sheye.org,Emely Weston,Olive,Hyundai i30,00886989a9b64335b1829633b9e32cb9
407878526,Keira_Wheeler5081@deons.tech,Keira Wheeler,Azure,Opel Insignia,af861caf386d4eeca8567211d67b4150
312353272,Makena_Rees5320@zorer.org,Makena Rees,coral,Hyundai i30,af8862e986714878a1a4ed3018399f38
286840602,Percy_Wooldridge3772@typill.biz,Percy Wooldridge,Pink,Mazda CX3,c84a7e36ea04446185c36cbcd71a11b2
461541707,Wendy_Rehman4417@deavo.com,Wendy Rehman,Ultramarine,BMW M3,c07ae3c0aac04b7bb6e2efc08706990e
042130323,Barry_Flack4973@kideod.biz,Barry Flack,Camel,BMW X1,1c359aa451a447469bfa4ed485fb9ca2
010128201,Selena_Murphy5414@ubusive.com,Selena Murphy,Maroon,Mitsubishi Lancer,a31f895116bf465e9cbe5eba13ce2092
663271642,Cedrick_Oldfield2650@dionrab.com,Cedrick Oldfield,Lavender,Audi V8,81a5e69b32d841d5b0ee5107792f0a57
863501802,Hank_Vallins7560@zorer.org,Hank Vallins,Rust,Audi Cabriolet,fc4a6e2b9e104ebca53b8568e2cc60e6
776746274,Rowan_Lane4234@nickia.com,Rowan Lane,Silver,BMW X1,ee18701f230c4c418b001c40ccd4e616
825587156,Adalind_Stevens6724@gembat.biz,Adalind Stevens,Camel,Kia Soul,9145e79452f14825ba24119d05424e19
813157313,Nick_Campbell6124@bretoux.com,Nick Campbell,Apricot,Audi Q5,65504e9734a849c198ddf99604182e44
126522106,Ethan_Hewitt2471@bauros.biz,Ethan Hewitt,Amethyst,Hyundai i20,d12b95f9f22e477b8dfe62cefcb61ee2
744457118,Jacob_Jennson4913@nimogy.biz,Jacob Jennson,Cadet blue,Ford Mustang,36f3267e318b4a3893ac84947e28cc0f
874810060,Janice_Bradshaw4304@typill.biz,Janice Bradshaw,Aqua,Kia Ceed,984d0ed075054f0d9706dd4bcb1c4319
756708430,Benjamin_Appleton9314@dionrab.com,Benjamin Appleton,Lime,Audi Q5,7a238006a0aa4a50a584522207cbea62
873706373,Morgan_Drew3563@gmail.com,Morgan Drew,Sepia,Mazda CX3,2e3d49c7e14a4c509b2cc245af9b059b
826163183,Javier_Daniells5503@gmail.com,Javier Daniells,Turquoise,Ford Kuga,0227187f04b2432186ad591fa83feb19
814865702,Louise_Farrell2513@corti.com,Louise Farrell,Azure,Audi R8,652775040a574d7ca838040f45b598f6
270682446,Tara_Buckley8898@sheye.org,Tara Buckley,Dark red,Fiat Argo,7ef4a32c70354d68819b60063822db2a
183123134,Harry_Underhill7988@ovock.tech,Harry Underhill,Purple,Hyundai i40,c09cdd9a2c2846a1a17568315d6e0c5b
152517456,Ramon_Jennson3740@yahoo.com,Ramon Jennson,Camel,Fiat Panda,6aff0e40862941488f4d9c586a5ea535
420467086,Mason_Plant3247@supunk.biz,Mason Plant,Dark Red,Citroen Nemo,6ecedbb1a02d403fa251005bedca30e3
726147033,Norah_Shields2426@nanoff.biz,Norah Shields,Sepia,Fiat Panda,eda0d4f8d6394f32abc62315f96c09e7
242678434,Jennifer_Yarwood4876@iatim.tech,Jennifer Yarwood,Rosewood,Audi A4,22136bc170434f52a197126e391a4e11
334621751,Danny_Farrow8924@gmail.com,Danny Farrow,Rust,Citroen C4,09fc4459775e4e2c92474a339e12b3d3
350837887,Jayden_Upsdell2098@yahoo.com,Jayden Upsdell,Amethyst,Mazda 3,d71a2fab8db54b9aa57865279f0a7f52
537725215,Esmeralda_Gordon1354@hourpy.biz,Esmeralda Gordon,Lime,BMW X1,35883f53edd14a9ca29792d21ebde45f
581812543,Benny_Faulkner9649@supunk.biz,Benny Faulkner,Champagne,Ford Kuga,91ebb91bd8204047bf036989bd4dafdf
082808662,Vicky_Curtis7420@gmail.com,Vicky Curtis,Barbie Pink,BMW X6,c9ad5370433e487ea7bd4ee06f35832e
215136026,Alessandra_York6802@brety.org,Alessandra York,Cerise,Audi Q7,ac6315d290744038a1490bebb47c6157
071820551,Jasmine_Weston2649@extex.org,Jasmine Weston,Gray,BMW M4,beaf9e05f02642138e8915a7926481fd
456204127,Leilani_Porter7770@grannar.com,Leilani Porter,Silver,Dacia Logan,71a150fbba814da0a5d551bf345e0d1c
136461815,Anthony_Horton391@dionrab.com,Anthony Horton,Mauve,Ford Mustang,84617bebc13249a8aac345155107453b
071054755,Manuel_Wright2141@sheye.org,Manuel Wright,Olive,Honda Civic,a7363628cee342828354bbb99df8aeff
361516726,Aiden_Barclay1038@cispeto.com,Aiden Barclay,Turquoise,Fiat 500,89b1687b4eab40aeb7957dacb68a8cac
736678254,Carissa_Egerton8609@famism.biz,Carissa Egerton,Rosegold,Fiat Argo,8c6432108eae48ef878a421240c5c49b
775355530,Candice_Russel1578@hourpy.biz,Candice Russel,Olive,Ford Mondeo,362ff42b21904d119753a796ffba3488
503304233,Maya_Spencer946@typill.biz,Maya Spencer,Yellow,Ford Mustang,ce3df31bcdd446d89ffc1ff107d4d6cb
072647317,Monica_Hunter9012@vetan.org,Monica Hunter,Azure,Audi Q7,73fe7e06e77f46639887c7c0b7bb7163
031820634,Alan_Harris1252@gompie.com,Alan Harris,Cadet blue,Ford Kuga,4ae740a5a4ef499b802796606ba5e07d
620843876,Alan_Moreno8134@hourpy.biz,Alan Moreno,Green,Hyundai Santa Fe,282121ecc9dc4659b59038b072e25303
630462681,Bree_Seymour2727@typill.biz,Bree Seymour,Red,Ford Kuga,fd74643de7f64810b88759d2daaef9fd
642207253,Paige_Stevenson890@mafthy.com,Paige Stevenson,Purple,Citroen Nemo,1ece425a97d844b88816cc1e6486cff3
373241335,Gwenyth_Neville6251@eirey.tech,Gwenyth Neville,Rosegold,BMW X1,3fb092c4ad164618922f8595f4fcab36
511214180,Jacob_Spencer3748@infotech44.tech,Jacob Spencer,Lime,Mitsubishi Lancer,85c58e905fde472ba995ab9e2add2d59
207073741,Harriet_Appleton8838@yahoo.com,Harriet Appleton,Lime,Ford Fiesta,2d0126e01e51492ab613e8441bf8c6a9
374362875,Makena_Alldridge951@famism.biz,Makena Alldridge,Fuchsia,Fiat Argo,ad8659db3f974d5aac30fc308c9d0c61
742278423,Trisha_Poulton3726@zorer.org,Trisha Poulton,Black,BMW M2,8eb5ba6fc33d40acace2828f1cb364c2
830118400,Aleksandra_Bentley4716@eirey.tech,Aleksandra Bentley,Auburn,Hyundai i40,8e17fb747aed4ac9b8de962225229190
350421732,Maxwell_Quinton1611@famism.biz,Maxwell Quinton,Sky blue,Dacia Logan,9a335c513c4b4891bcf6bfe0309383de
451582770,Rihanna_Clifford8689@mafthy.com,Rihanna Clifford,Aqua,Dacia Logan,03979330b17a454e92537643346b23d5
100113175,Carmella_Ring9585@guentu.biz,Carmella Ring,Lavender,Audi A5,f1a6ea05387c45a783f0a47987b45d5f
808557107,Laila_Owen1079@ovock.tech,Laila Owen,Camel,Audi Q7,335d002c640740779545d3ecfd3c0af1
130057104,Darlene_Grady2965@corti.com,Darlene Grady,Gray,Opel Insignia,840411b86c3946f4b2f7c47584f60d19
168403827,Eileen_Hogg321@bungar.biz,Eileen Hogg,Peach,Audi Q6,2ff19f850bfc4b598abaf87de5b40afa
856420818,Daniel_Eastwood3293@zorer.org,Daniel Eastwood,Gray,Hyundai Tucson,015b49f83de64c90b71580bf8b006eb7
178202173,Drew_Bennett5990@acrit.org,Drew Bennett,Aqua,Audi A8,f67646923f7b4f829a66d502d4d660b9
323714317,Fred_Olson1786@liret.org,Fred Olson,Champagne,Dacia Duster,907b496de193436e8bcad792c65416a0
357015564,Ramon_London5099@hourpy.biz,Ramon London,Maroon,Hyundai Elantra,63e23c98163d4459b82bb424f0146fa5
778545664,Rocco_Bentley3189@muall.tech,Rocco Bentley,Camel,Hyundai i30,4f8c60534b4a4c5fa8c1633b2201c9bd
321720265,Mya_Villiger1447@irrepsy.com,Mya Villiger,Ruby,BMW M5,5dfe0ff5d24d42b290d466bd663a1fdc
763367367,Percy_Stanton2872@eirey.tech,Percy Stanton,Lavender,BMW X1,c6d86f8ba45e44639a4874adafa8674d
320410564,Lucy_Alcroft7832@jiman.org,Lucy Alcroft,Sky blue,Audi A4,00561b9b2cd046788cd258baed9bbff7
473841057,Chelsea_Downing1477@irrepsy.com,Chelsea Downing,Beige,BMW X3,8d61ab4e430c4b87b6abf1082dff2f7d
676166371,Marla_Mann6243@hourpy.biz,Marla Mann,Magenta,Hyundai i35,96834005845446b6a57cd6f0aebbeeb2
786380022,Sadie_Flynn7074@deons.tech,Sadie Flynn,Aquamarine,Opel Astra,05e1f02c540944a6bb2c8d3d6c23bb29
560370864,Logan_Gallacher8799@liret.org,Logan Gallacher,Salmon,Mitsubishi Outlander,e3fa9a8fb96b479196e19bcc4c9e70c9
862411357,Leanne_Willis2856@dionrab.com,Leanne Willis,Dark Red,Mazda 6,35a2e1b79feb42a990126a73cee693f8
330140370,Thea_Thomas3260@twipet.com,Thea Thomas,Pink,Audi A5,0d4d4bc6605549189c180b434810e083
536316232,Rosalyn_Gardner4242@yahoo.com,Rosalyn Gardner,Magenta,Audi Q3,c64040f285a04d7a82bfb63fe5e4df66
714735683,Nathan_Robertson2310@twipet.com,Nathan Robertson,Cyan,Fiat Panda,b3e98478b20a4e9f9f9f8757a044f2cd
315583450,Maribel_Moore886@joiniaa.com,Maribel Moore,Camel,BMW X5,00e3ce9dbb90420c9cb37f0efb17de67
204151486,Manuel_Cooper8046@liret.org,Manuel Cooper,Aqua,Fiat Cronos,9760df49670c496fa4a191a64808bc0a
180780745,Rosa_Wilcox7844@qater.org,Rosa Wilcox,Sky blue,Hyundai i40,43b6407c85dc41d4aa39e38d1c2d2ca3
408141016,Goldie_Mould604@gmail.com,Goldie Mould,Dark Red,Ford Fiesta,9517b18548f44c0697737982f1062893
348488321,Andie_Khan8125@acrit.org,Andie Khan,Dark Red,Audi A8,a601ec3a714c4d349e20f3108806b36a
352118687,Melanie_Clifford3633@nanoff.biz,Melanie Clifford,Ruby,Ford Mondeo,e4f2acf79da04005a6ddbc21ac7e343f
383258456,Johnathan_Wade5087@vetan.org,Johnathan Wade,Orange,BMW X5,800ac7a0901049fb89efc6a089b76262
466732646,Anthony_Gosling667@sheye.org,Anthony Gosling,Silver,Dacia Sandero,b2a3235e2544413fb9ba5a4004cdefb6
853437430,Danny_Weatcroft4699@bulaffy.com,Danny Weatcroft,Orange,Dacia Duster,9a8633717d3a4751bf75d1c4ac5b3a7e
